{"branches": 94.26229508196722, "coverage": 96.90140845070422}